Online Marketing Bureau ATAK,,,
Breezego Online Marketing,,,
Aaron Kahlow,CEO,Online Marketing Connect,http://www.onlinemarketinginstitute.org/
Gustavo Murillo,CEO,Speedwagon Online Marketing,http://speedwagononline.com
Daniel Hoggan,Head of Search,Mediaworks Online Marketing,
Chris Cousins,Owner,CC Online Marketing,
Jeff Beekhuis,CEO,Twenty Online Marketing,http://twenty.dk
Mars Lin,CEO,Mars Online Marketing,
Mark Kemp,Search Marketer,Ziller Online Marketing,
Cristian Waitman,COO,Speedwagon Online Marketing,http://speedwagononline.com
Nick Honard,CEO,Evolve Online Marketing,http://www.evolveonlinemarketing.com
Patrick Gephart,Software Developer,Evolve Online Marketing,http://www.evolveonlinemarketing.com
Steven OBrien,President,Boston Online Marketing,http://www.bostononlinemarketing.com
Nils Domian,Dpl. Ing. Technical Director,ISEO Online Marketing,http://www.iseo.de
Dave Durbin,CEO / Online Marketing Technologist,Blackball Online Marketing,http://www.blackballonline.com
Deinert Schmidt,CEO,ISEO Online Marketing,http://www.iseo.de
Justin Seibert,President,Direct Online Marketing,http://www.directom.com
Mikula Beutl,Founder,Mikula Beutl ONLINE MARKETING,http://mikula.beutl.com
Pablo Palatnik,CEO,Palatnik Factor Online Marketing,http://www.PalatnikFactor.com
Duane Legill,COO,Turn The Page Online Marketing,http://www.turnthepage-onlinemarketing.com
Rob Rance,CEO,Turn The Page Online Marketing,http://www.turnthepage-onlinemarketing.com
Amy Driver,CTO,Turn The Page Online Marketing,http://www.turnthepage-onlinemarketing.com
Jonathan Bentz,Online Marketing Manager,Celebration For Life,
Deepak Sharma,Online Marketing,Snapdeal,http://www.snapdeal.com
Jacquelyn Marks,Online Marketing Specialist,Foreclosure.com,http://www.foreclosure.com
Stewart Turton,Online Marketing Manager,UR7s,http://www.exeter.ac.uk
Dean Lynn,Online Marketing Strategist,i3MEDIA,
Chris Harris,Online Marketing Manager,MySpace,http://myspace.com
Matt Nguyen,Online Marketing Specialist,Shopatron,http://ecommerce.shopatron.com
Maximilian H. Nierhoff,Online Marketing & Sales Manager,quintly,http://www.quintly.com
Pallavi Prasad,Online Marketing Executive,MedicsPro - Medical Recruitments,http://www.medicspro.com
Elvedin Velic,Online Marketing Executive,MicksGarage,http://www.micksgarage.com
Hemant Kumar,Online Marketing and Ad Sales.,DoubleSpring,http://www.doublespring.com
Alec Wilson,Online Marketing - New Channels Lead,BuildASign.com,http://www.BuildASign.com
Martin Schroer,Online Marketing Developer,FORZIERI,http://www.forzieri.com
Gyles Seward,Online Marketing Account Director,9xb SEO Agency,http://www.ncl.ac.uk
Alvaro Burgos,Online Marketing,5rooms.com,http://www.rocket-internet.de
Bogdan Flutur,Online Marketing Consultant,FlxOne,http://www.flxone.com
Sam Houston,Online Marketing Manager,GamerDNA,http://gamerdna.com
Evan Jacobs,Online Marketing Associate,Edvisors,http://www.edvisors.com
Kevin Ashes,Online Marketing Consultant,Reputation.com,http://www.reputation.com
Maja Vacenovski,Online Marketing Manager,NTH Mobile,http://www.nth-mobile.com
Can Talayl,Online Marketing Strategist,Dora Digital,http://www.doradigital.com/
Charlene Owen,Online Marketing Manager,LoudWhistle Branding International,http://www.loudwhistle.net
Paula Gomez,Online Marketing Executive,ticketea,http://www.ticketea.com
Marta Plaza,Online Marketing Manager,dondeEsta,http://www.dondeesta.com
Eric Keating,Online Marketing Manager,Compete,http://www.compete.com/us
Mark Baars,Online Marketing Specialist,UNIT4,
Jessica Canary,Online Marketing Manager,StudentUniverse,http://www.studentuniverse.com
Nir Taranto,Online Marketing Manager,trade fxl,
Umut Selvi,Online Marketing Director,Selvi London,
Armin Pinggera,Online Marketing & Content Manager,ToolTester Network,http://www.tooltester.net
Angel Caffarena,Online Marketing Manager,Smarp Oy,http://www.smarpshare.com
Alex Repola,Online Marketing Manager,Roambi,http://www.roambi.com
Kay Zilliges,Online Marketing Manager,Refined Investment Technologies GmbH,http://cashboard.io
Abdullateef Abdulsalam,Online Marketing Manager,Konga Online Shopping Limited,http://www.konga.com
Edan Tal,Online Marketing Manager,JFrog,http://www.jfrog.com
Michael Lippert,Online Marketing,Seedmatch,http://www.seedmatch.de
Nathalie Wilson,Online Marketing Executive,Boticca,http://boticca.com
Neel Punatar,Online Marketing,Captricity,http://captricity.com
Michael Gambacorta,Online Marketing,Send Word Now,http://www.sendwordnow.com
Jacob Shin,Online Marketing,Savings.com,http://www.savings.com
Nitin Batra,Online Marketing Head,MagicTap Solutions Pvt. Ltd.,http://www.magictap.in
Thomas Landers,Online Marketing Professional,Boost Your Campaign,http://www.boostyourcampaign.com
Shannon Smith,Online Marketing Ninja,ThunderMaps,http://thundermaps.com
Peter Davias,Online Marketing Manager,7digital,
Fabian Di Marco,Online Marketing Leader,Home Loan Hints,http://www.homeloanhints.com.au
Tony Joseph,Online Marketing Manager,Gekko,http://www.gekko.com
Kuldip Vyas,Online Marketing Manager,,
Eyal (Eli) Schondorf,Online Marketing Manager,Itemize,http://itemize.com
Sandra Melo,Online Marketing Executive,Quick Lingo,http://www.quicklingo.com
Charlene Troskie,Online Marketing Manager,Yola,http://www.yola.com
Matteo Nardoni,Online Marketing Executive,mob.is.it,http://mob.is.it
Daniel Holl,Online Marketing Manager,caseable,http://www.caseable.com
Daniel Whitmore,Online Marketing Specialist,CIPHR,http://www.ciphr.com
Katrina Gallagher,Online Marketing Manager,PushON,http://www.pushon.co.uk
Michael Luttik,Online Marketing Director,MMOtraffic,http://www.mmotraffic.com
Sean Johnson,Online Marketing Manager,eCampus.com,http://www.ecampus.com
Mohd Masihuzzaman,Online Marketing Manager,Joomla6Teen,
Shyamle Pasi,Online Marketing Manager,pSocial,http://www.pSocial.in
Jay Arrowood,Online Marketing Director,1011 Web Solutions,
Alyssa Woods,Online Marketing Director,Moreover Technologies,http://www.moreover.com
John Cuthbertson,Online Marketing Director,register55,
Jim Slade,Online marketing,Swimtown Pools,http://www.swimtownpools.com
Danielle J. Moran,Online Marketing,Royall Advertising,http://www.royalladv.com
Roco Martinez,Online Marketing,paraBebes.com,http://www.parabebes.com
Pawan Mandav,Online marketing (Digital marketing) head,lootbargain,http://www.lootbargain.com
Sibren Tadema,Online marketing,Brokjespiloot.nl,http://www.brokjespiloot.nl
Marie Lu,Online Marketing Manager,Wide-Out Workforces Inc.,http://www.wideout.com
Sean Wood,Online Marketing Manager,EasyDate,http://easydate.biz
Richard Greenwood,Online Marketing Director,Click 4 Credit,
Kyle Zabelny,Online Marketing Strategist,Galavantier,http://www.Galavantier.com
chris newnham,Online Marketing Manager,DSM Design,http://www.dsm-design.co.uk
Peter Claridge,Online Marketing Manager,Agriya,http://www.agriya.com
Becky Hyland,Online Marketing Consultant,Cloud9 web solutions,
Vincent Tabor,Online Marketing Strategist,Azalea Residences Baguio,http://www.azalea.com.ph
Justin Farber,Online Marketing Coordinator,DIYReserveStudy.com,http://DIYReserveStudy.com
Maria Sol Romeo,Online Marketing Manager,Making Sense,http://www.makingsense.com
Joanne Wenying,Online Marketing Manager,LiveBackup,http://www.livebackup.com.au
Wes Wyatt,Online Marketing Specialist,One Call Now,http://www.onecallnow.com
Danial Hazarika,Online Marketing,Datameer,http://www.datameer.com
Niraj Bariya,Online Marketing Executive,olbuz,http://www.olbuz.com
Thomas Kupracz,Online Marketing Director,Siminars,http://www.siminars.com
Larry Carillo,Sr. Online Marketing Manager,"i3 Results, LLC",
Thomas Kohler,director online marketing,click solutions,http://www.click-solutions.de
Michael Klazema,"VP, Online Marketing",BackgroundChecks.com,http://www.backgroundchecks.com
Vaidhyanathan SEO,Head - Online Marketing,ANGLER Technologies India,http://www.angleritech.com
Nikhil More,Manager - Online Marketing,Quick Heal Technologies Pvt. Ltd.,
Jorge Caicedo,Manager Online Marketing and Sales,SCS,http://www.scsdynamics.com
Steven Ebin,"Head, Online Marketing",Optimizely,http://optimizely.com
Agustin Suarez,Manager Online Marketing International Markets,Bayern Tourismus Marketing GmbH,
Christopher Stipp,"Director, Online Marketing",Massage Envy,http://www.massageenvy.com
Chad Godfrey,"Director, Online Marketing",BuyerZone.com,http://www.buyerzone.com
Anna Kingsley,Senior Online Marketing Manager,Dixons (DSGi),
Liat Fuchs,VP Online Marketing,Somoto,http://somotoinc.com
Kai Rieke,Director Online Marketing,Project A Ventures,http://www.project-a.com/en
Jay Gohil,Senior Online Marketing Manager,Borro,http://www.borro.com
Matthew Baker,"Director, Online Marketing",Roambi,http://www.roambi.com
Atasi Chatterjee,Head- Online Marketing,Nevales Networks,http://www.nevales.com
Darren Bezdek,"Director, Online Marketing",YLighting,http://www.ylighting.com
Sanjay Mayar,"Director, Online Marketing",Luxury Retreats,http://www.luxuryretreats.com
Jon Sklaroff,Senior Online Marketing and Social Media Manager,DRS and Associates,http://www.drsandassociates.com
Priyesh Kumar,Manager Online Marketing,Halosys Technologies,http://www.halosystechnologies.com
Tarun Kumar,SEO/Online Marketing Professional,Letbabyplay.com,http://www.letbabyplay.com
Adrian Tan Oei Leong,"Director, Online Marketing Services",clickTRUE,http://www.clickTRUE.biz
Thomas Luijten,International Online Marketing Professional,Travix,http://www.travix-international.com
Andreas Huesch,Director Online Marketing,ZaaBiz Pty Ltd,http://www.zaabiz.com.au
Tal Zilberman,VP Online Marketing,Magisto,http://www.magisto.com
Paul Rogers,Senior Online Marketing Strategist,GPMD,http://www.gpmd.co.uk
karthikeyan Thirunaukkarasu,Manager - Online Marketing,Informatics Outsourcing,http://www.informaticsoutsourcing.com
Robert Shaw,VP Online Marketing,Shoeboxed,http://www.shoeboxed.com
Sourav Sharma,Sr. Manager Online Marketing & Social Media,Netsurf Media,
Sean Weigold Ferguson,Director of Online Marketing,DoubleBeam,http://www.doublebeam.com/
Ankit Prakash,Head of Online Marketing,VentureHire,http://www.venturehire.co
Scott Airmont,VP of Online Marketing,CyberSponse,http://cybersponse.com
Kazim Sevim,Head of Online Marketing,Buroteknik.com,
Paolo Serra,CEO AND ONLINE MARKETING MANAGER,QuitePeople,http://www.quitepeople.it
Alex Hunter,Head of Online Marketing,Virgin America,http://www.virginamerica.com
Ada Chen Rekhi,"VP, Product & Online Marketing",SurveyMonkey,http://www.surveymonkey.com
Kristin Proctor,Director of Online Marketing,Weebly,http://www.weebly.com
Sean Walsh,Vice President of Online Marketing,Bertram Capital Management,http://www.bertramcapital.com
Kristina Paulos,VP of Operations & Online Marketing,DealBase Corporation,http://www.dealbase.com
Brijen Rajput,"Senior Vice President, Online Marketing",CheapOair,http://www.cheapoair.com
Pete Eberbach,"VP, Dir. of Online Marketing and Technology",St. John & Partners,http://www.sjp.com
Tatiana Tsvetkova,Business Development and Online Marketing,Fastlane Ventures,http://fastlaneventures.ru/en
Sander Daniels,"Co-Founder, Director of Online Marketing",Thumbtack,http://www.thumbtack.com
Ronnie Castro,"Co-Founder/Vice President, Online Marketing",Porch,http://porch.com
Serhan Yazar,E-Commerce Business Development & Online Marketing Manager,Decorillo.com,http://www.decorillo.com/
Patrick Norman,"Co-Founder, VP of Online Marketing",Bomgar,http://www.bomgar.com
STM Marketing Online,,,
Guillaume Raillard,CTO,Global Interactive Marketing Online,http://www.gimo.co.uk
Kenny Ibgui,CEO,Global Interactive Marketing Online,http://www.gimo.co.uk
Sajjad Mukhtar,Head of WEB,Global Interactive Marketing Online,http://www.gimo.co.uk
Weston Cooper,Online Sales & Marketing Manager,B2 Interactive,http://www.b2interactive.com
manoj jaiswal,Online Digital Marketing,Udan E Commerce,http://crazyflorist.com
Maria Navarro,Marketing Online,Hithru,http://www.hithru.co
Christopher Lee,Director of Marketing | Online Business Unit,Sears Holdings Corporation,http://www.searsholdings.com
Alin Vlad,Director of Online Sales & Marketing,Heimdal Security,https://heimdalsecurity.com/
Serhat B,Online Communication and Marketing Manager,iProspect,http://www.iprospect.com
Alicia Smith,Marketing Head,Online Best Mobile Deals,http://www.onlinebestmobiledeals.co.uk
Nelson Kim,Director of Online Marketing,Kareo,http://www.kareo.com
Abe Thomas,Vice President Online Marketing,MySpace,http://myspace.com
Boris Elpiner,"Vice President, Online Marketing",SDL Enterprise Technologies,http://www.idiominc.com/en
Kyle Sherwood,Director of Online Marketing,Extima,http://www.extima.com
Bryan Butvidas,VP of Online Marketing,CREATIV.COM,http://www.creativ.com
Matthew Taylor,Director of Online Marketing and Business Development,eCampus.com,http://www.ecampus.com
Margaret Ochoa,"Sr. Director, Online Marketing",Match,http://www.match.com
Nikolay Abrosov,Head of Online Marketing and Customer Insights,brands4friends,http://www.hu-berlin.de/
Young Chu,Founder and Online Marketing Manager,Toygaroo.com,http://www.toygaroo.com
Ahmed Elfiky,Head of Online Marketing,Jumia Egypt,https://www.jumia.com.eg/
Stephanie Scott,Director of Online Marketing & Business Development,Campus Special,http://www.campusspecial.com
Kendra Pallezo,Head of Online Marketing,Juv Acessorios,http://www.juv.com.br
Norman F. Foerderer,Director Sales & Online Marketing,Audials,http://audials.com
Barry Chignell,Social Media & Online Marketing Executive,CIPHR,http://www.ciphr.com
Keith Baumwald,Director of Online Marketing & eCommerce,GroundLink,http://www.groundlink.com
Murad Hassan,Web Strategist / Online Marketing,Semicolon,http://www.semicolon.com.mv
Christine Fiske,Head of Online Marketing,MeYou Health,http://www.meyouhealth.com
Martin de Boer,Global Manager Online Marketing,Travix,http://www.travix-international.com
James Omdahl,Director of Online Marketing,Kutenda,http://www.kutenda.com
Casey Capshaw,Director of Online Marketing,InspirePay,http://inspirepay.com
Myron Berg,Managing Director - Web and Online Strategies,Fusion Marketing Partners,http://fusionmarketingpartners.com
Onyeka Akumah,"VP, Marketing",Konga Online Shopping Limited,http://www.konga.com
Patricia Blair,"Vice President, Marketing",Nectar Online Media,http://www.nectarom.com
Kevin Brooks,Chief Marketing Officer,Foodlink Online,http://www.foodlink.net
Reed Clarke,Director of Sales & Marketing,Trapp Online,http://www.trapponline.com
Zach Graeve,Marketing & Design Consultant,"Expert Online Services, LLC",http://www.eosdesigns.com
Megan Coupar,Director of Marketing,Buyatab Online Inc,http://www.buyatab.com
Neile King,"Vice President, Sales and Marketing",Smart Online,http://www.smartonline.com
Jennifer Rector,Chief Marketing Officer,Designer Pages Online,
Peter Jensen,Sales and Marketing,Second Ticket Online,http://secondticketonline.net
Stephanie Miller,Marketing Director,Resume Builder Online,http://www.resumebuilderonline.org
Rick Sanchez,VP of Product and and Marketing,OnLive,http://www.onlive.com
BOLD! Mobile Community Manager,,BOLD! Technologies,
Greg Cardoni,Community Manager,Mahalo,http://mahalo.com
Maria Jaymie Arcilla,Community Manager,Zorpia,http://www.zorpia.com
Samuel Fine,Community Manager,Dribbble,https://dribbble.com
Anthony Liang,Community Manager,VaynerMedia,http://vaynermedia.com
Victoria Bianchini,Community Manager & Social Media Coach,Profitecture,
Egbert van Keulen,Community Manager Topics,Emerce,
Karen Schoellkopf,Community Manager,Harvest,http://www.getharvest.com
Tony Hue,Community Manager,Drink Pass,http://www.drinkpass.me
Mark Schoneveld,"Community Manager, Lead Blogger",Poptent,http://www.poptent.com/
Tamara Solorzano,Community Manager,Yogome,http://yogome.com/
Elie Chevignard,Community manager,Fotolia,http://us.fotolia.com
Jessica Margolin,Community Manager,HAPILABS,http://www.hapi.com
Rafa Oliva,Community Manager,redAlumnos,http://www.redalumnos.com
Danya Cheskis-Gold,Community Manager,Skillshare,http://skillshare.com
Meg Clark,"Community Manager, CoTweet",ExactTarget,http://www.exacttarget.com
Alex Pedicini,Community Manager,Ubersense,http://www.ubersense.com
Jose Jimenez,Community Manager,RateItAll,http://rateitall.com
Claire Litton-Cohn,Community Manager,Commons Machinery,
Margaux Drencourt,Community Manager,Seed Recruit,http://www.seedrecruit.com
Elin Blesener,Community Manager,TechCrunch,http://techcrunch.com
Matthew Lyon-House,Community Manager,GameSalad,http://www.gamesalad.com
Janet Aronica,Community Manager,oneforty,http://oneforty.com
Alexander Galasso,Community Manager,Electronic Arts,http://www.ea.com
Simon Chan,Community Manager,6Wunderkinder,
Emily Engelson,Community Manager,[SUMMER],http://getsummer.com
Jorge Castro,Community Manager,Canonical,http://www.canonical.com
Anastasia Hambali,Community Manager,Growlab Ventures,http://www.growlab.ca
Hannah Becker,Community Manager,The Printed Blog,http://www.theprintedblog.com
Richard Ehring,Community Manager,FictFact,http://www.fictfact.com
Jeff Kibler,Community Manager,Infobright,http://www.infobright.com
Julia Buchner,Community Manager,Milliweb,
Matthew Bostock,Community Manager,Readmill,http://readmill.com
Steve Niebauer,Community Manager,VHX,http://vhx.tv
Maddie Ruud,Community Manager,HubPages,http://hubpages.com
Rachel Mae Smith,Community Manager,Plivo,http://www.plivo.com
Ralph Bouquet,Community Manager,Canary Calendar,http://www.canarycal.com
Stephen Rosenshein,Community Manager,Dipity,http://www.dipity.com
Ariel Waldman,Community Manager,Pownce,http://pownce.com
Nick Dijkstra,Community Manager,RetentionGrid,http://retentiongrid.com
Simon Miller,Community Manager,BView,http://www.bview.co.uk
Dan Redwine,Community Manager,Tagboard,http://tagboard.com
Kelsey Greenberg,Community Manager & Co Founder,Butter,http://www.getbutter.me
Mark Bebawy,Community Manager,Tech Cocktail,http://tech.co
Stephanie Nour Prince,Community Manager,Wamda,http://wamda.com
Georgia Ritz,Community Manager; Marketing/Branding,Teespring,http://Teespring.com
Matias Vives,Community manager,Trip4real,
Katalin Nagygyorgy,Community Manager,WalkHub,http://walkhub.net/
Katherine Duffy,Community Manager,Rypple,http://rypple.com
Erika Gordon,Community Manager,Mobee,http://www.getmobee.com
Clarisse Ng,Community Manager,Infocomm Investments,http://www.infocomminvestments.com
Courtney Miller,Community Manager,Kindara,http://www.kindara.com
Ariela Ross,Community Manager,Visual.ly,http://visual.ly
Jillian Macnaughton,Community Manager,ConnectCubed,http://connectcubed.com
Fabio Victor,Community Manager,Esplori,http://esplori.net
Eduardo Gibaja,Community Manager,Netgamix Inc,http://www.netgamix.com
Michal Michalski,Community Manager,Lifetramp,http://lifetramp.com
Enid Hwang,Community Manager,Pinterest,http://pinterest.com
Manimarpan Sasireka,Community Manager,Rigcareer Ltd,http://rigcareer.com
Nadia Hussain,Community Manager,Polyvore,http://polyvore.com
Yukiko Ishii,Community Manager,Floop Technologies,http://www.getfloop.com
Caroline Katsiroubas,Community Manager,Freight Farms,http://freightfarms.com
Anna Piazza,Community Manager,Spreaker,http://www.spreaker.com
Adam Kuperman,Community Manager,BriteHub,http://www.britehub.com
Meg Bell,Community Manager,The Vault Incubator,http://www.thesfvault.com
Melissa Elaguizy,Community Manager,Toutpost,http://www.toutpost.com
Jerilyn Stone,Community Manager,Ocho,http://www.ocho.co
Robbie Simpson,Community Manager,Picatic,http://www.picatic.com
Kevin Fink,Community Manager,Flippa,http://flippa.com
Cassidy Mitchell,Community Manager,Kanga,http://getkanga.com
Jen Yoder,Community Manager,Fitocracy,http://www.fitocracy.com
AVIVA MARKOWICZ,Community Manager,Le Camping,http://www.lecamping.org
Nathan Milner,Community Manager,BlackOut Design,http://www.blackout-design.com
Sam Fitzmaurice,Community Manager,bufferr.com,http://www.bufferr.com
Marko Roca,Community Manager,Tribe of Noise,http://www.tribeofnoise.com
Elena Artico,Community Manager Italy,Spreaker,http://www.spreaker.com
Melanie Baker,Community Manager,PostRank,http://www.postrank.com
Emily Cottone,Community Manager,Insticator,http://Insticator.com
Colleen Ludgate,Community Manager/ Editor,FunAdvice,http://www.funadvice.com
Jeff Moravik,Community Manager,Topify,http://www.topify.com
Chase McGowan,Community Manager,Firefield,http://www.firefield.com
Andrea Romero,Community Manager,SportXast,http://SportXast.com
Nimrita Bassi,Community Manager,BumpUp.org,http://www.bumpup.org
Stacphanie Boubli,Community manager,Leetchi,http://www.leetchi.com
Eivind Hammer Myhre,Community Manager,StartupLab,http://www.startuplab.no
Jessica Orlandino,Community Manager,SpotOnWay,http://www.spotonway.com
Robby Hansen,Community Manager,Venturepax,http://www.venturepax.com
Marina Gordon,Community Manager,EveryBlock,http://www.everyblock.com/
Katherine Raz,Community Manager,Signal,http://www.signalengage.com/
Ines Coelho,Community manager,Bundlr,http://bundlr.com
Berrak Serikaya,Community Manager,Huddlewoo,http://www.huddlewoo.com
Glennskii Meyer,Community Manager,blackbox,http://blackbox.vc
Hannes Coudenys,Community manager,Nieuws.be,http://www.nieuws.be
Jennifer Sable Lopez,Community Manager,Moz,http://www.moz.com
Odelia Bohbot,Community Manager,Food Reporter,http://www.foodreporter.net
Brandon D.,Community Manager,Brinked,http://www.brinked.com
Joe Mier,Community Manager,Fairphone,http://www.fairphone.com
Sam Bailey,Community Manager,Penpodium,http://penpodium.com
Lesley Duncan,Community Manager,RockThePost,http://www.rockthepost.com
Oda Sofie Dahl Eide,Community Manager,StartupLab,http://www.startuplab.no
Analisa Svehaug,Community Manager,HyperArts,http://www.hyperarts.com
Dave Trager,Community Manager,Intent,http://www.intent.com
George Milstein,Community Manager,LuckStock.com,http://luckstock.com
Kelly Jennex,Community Manager,TitanFile,http://www.titanfile.com
Zach Smith,Community Manager,Takes,http://www.takes.com
Dianna McDougall,Community Manager,Dots,http://weplaydots.com
Tess Cychosz,Community Manager,Sonicbids,http://www.sonicbids.com
Nihan Ozbarut,Community Manager,Sendloop,http://sendloop.com
Dean Levitt,Community Manager,Mad Mimi,http://madmimi.com
Leslie Buell,Community Manager,Tatango,http://www.tatango.com
Chris Menning,Community Manager,Know Your Meme,http://knowyourmeme.com
Zsofia Kerekes,Community Manager,Zinbox,http://www.zinbox.it
Ida Lonnroth,Community manager,Beddit,http://beddit.com
John Lewis,Community Manager,Ponoko,http://www.ponoko.com
Tyler Schneller,Community Manager,Currente,http://currenteapp.com
Audun Kjelstrup,Community Manager,Secondbrain,http://secondbrain.com
Sarah Goodman,Community Manager,BuySellAds,http://buysellads.com
Paulina Szymczak,Community Manager,mobeelizer,http://mobeelizer.com
Stef Shaw,Community Manager,Honeypot Marketing,http://www.honeypotmarketing.com
Genevieve Hacon,Community Manager and Everyone's Best Friend,matchFWD,
Jeremy Frank,Community Manager,PledgeMusic,http://pledgemusic.com
Eliya Ben-David,Community Manager,Spot.IM,
Omar Abu Omar,Community Manager,Cobone,http://www.cobone.com
Ana Balp,Community Manager,SurroundsMe,http://surrounds.me
Moira Spahic,Community Manager,Projective Space,http://www.projective.co
Mariolimar Sanchez,Community Manager,Risky Crew,http://riskycrew.com
Monica Isella,Community Manager Italy,5gig,
Fran Beaton,Community Manager,Line-Up,http://lineupnow.com
Lucy Ryan,Community Manager,Rec.fm,http://rec.fm
Amelie Roelants,Community Manager,Jamendo,http://www.jamendo.com
Brendan Warner-Southwell,Community Manager,bufferr.com,http://www.bufferr.com
Paige Peterson,Community Manager,Open Garden,http://www.opengarden.com
Joey Garr,Community Manager,Birthday Slam,http://www.birthdayslam.com
Kathy Jacobs,Community Manager,Bizmore,http://www.bizmore.com
Andrew Duffy,Community Manager,Rocket Rainbow,http://www.rocketrainbowstudios.com
Tonia Maffeo,Community Manager Italy,Spreaker,http://www.spreaker.com
Vlad Isac,Community Manager,Timisoara Startup Hub,http://www.startuphub.ro
Danny Roosen,Community Manager,Gramble World BV,http://www.gramble.com
Teri Andos,Community Manager,You.Do,http://you.do
Katerina Kouriati,Community Manager,BetaCONCEPT,http://www.betaconcept.com
Yian Yu,Community Manager,Loudie,http://www.loudie.com
Ogundipe Tolu,Community Manager,DIUS Studios,http://www.diusstudios.com
Magdalena Ostoja-Chyayaska,Community Manager,Sharelook,http://www.share-look.com
Nigel Stephens,Community Manager,Hifi,http://hi.fi
Sophie Kauffman,Community Manager,Vittana,http://vittana.org
Susana Bobadilla,Community Manager,Apptitude,
Katie Menard,Community Manager,Domino Street,http://www.dominostreet.org
Emily Naismith,Community Manager,Phingo,http://phingo.com
Renae Bair,Community Manager,Intridea,http://www.intridea.com
Nihan Ozbarut,Community Manager,Wridea,http://wridea.com
Elizabeth Smith,Community Manager,HeTexted,http://HeTexted.com
Gaetan de Gaulmyn,Community Manager,Jangala Market,http://www.jangalamarket.com
Douglas Gorney,Community Manager,Convozine,http://convozine.com
Elisa Cundiff,Community Manager,Churnless,http://www.churnless.com
Morgan Brady,Community Manager,YEC,http://yec.co/
Isaiah Brookshire,Community Manager,Vittana,http://vittana.org
Helena Ohman,Community Manager & Copywriter,copygram,http://copygr.am
Kristi Gottlieb,Community Manager,Bebitos,http://bebitos.mx
Wouter van Kesteren,Community Manager,Tribe of Noise,http://www.tribeofnoise.com
Brian Kuepper,Community Manager,Mindflash,http://mindflash.com
Eva Hartog Skorobogatova,Community Manager,Zapaday,http://www.zapaday.com
Dan Pilkington,Community Manager,Gekko,http://www.gekko.com
Fabrice Feugas,Community Manager,PriceMinister,
Meghan Hammond,Community Manager,Dabble Inc.,http://www.dabble.co
Carter Gibson,"Community Manager, Mobile Games",KIXEYE,http://www.kixeye.com
Sabina Podjed,Community Manager,People for Earth,http://www.people4earth.org/
Eric Longstaff,Community Manager,WallaBee,http://wallab.ee
Alison Tweedie-Perry,Community Manager,WatchParty,http://watchparty.tv
Judi Huck,Community Manager,Producteev,http://www.producteev.com
Alexandra Draghici,Community Manager,123ContactForm,
Claire Autie,Community manager & SEO,Esioox.com,http://www.esioox.fr
Mahmoud Aboud,Community Manager,Yadaweya,http://www.yadaweya.com
Graeme West,Community Manager,Spot Specific,http://www.spotspecific.com
Eva Bandurowski,Community Manager,Hifi,http://hi.fi
Shayne O'Sullivan,Community Manager,Dynamo Labs,http://dynamo-labs.com
Morgan Cole,Community Manager,360Alumni,
Cameron Joye,Community Manager,,http://engagor.com
Elena Legeros,Community Manager,,http://www.wikirealty.com
Matteo Brunati,Community Manager,SpazioDati,http://spaziodati.eu
Lota Plezere,Community manager,Buildit,http://www.builditaccelerator.com
Renee Masur,Community Manager,Sokanu,http://sokanu.com
Tiffany Tam,Community Manager,OneVest,http://www.onevest.com/
Annamaria Rigamonti,Community Manager,U-Start,
Sinan Ata,"Founder , Community Manager",BBGSociety,
Sarah-Jane Morris,Developer Community Manager,Mashery,http://www.mashery.com
Candice Trebus,Marketing/Community Manager,Cat Duo Inc,
Connor Doherty,Online Community Manager,Seedups Ltd.,http://www.seedups.com
Kim Wong,"Store / Community Manager,",ShutterCal,http://www.ShutterCal.com
Adrian Grant,Platform & Community Manager,IA Ventures,http://www.iaventures.com
Victoria Coppett,Sales & Community Manager,Qbox.io,http://qbox.io
Nathen Harvey,Technical Community Manager,Chef,http://www.getchef.com
Yannis Asimakopoulos,CMO & Community Manager,Cookisto,http://www.cookisto.gr
Briana Green,Marketing & Community Manager,Crowdsourcing Week,http://crowdsourcingweek.com
Sandra Espriu,Marketing & Community Manager,Jobeople,http://www.jobeople.com
Eric Suesz,Senior Community Manager,Ning by Glam Media,http://www.ning.com
Steven Mautone,Developer Community Manager,Wix,http://www.wix.com
Jennifer Haack,PR & Community Manager,Waymate,http://waymate.de
Jennifer Marron,JOLT Community Manager,JOLT,http://www.joltco.ca
Romain Inserra,Online Community Manager,cirkulr,http://cirkulr.com
Adam Ludwig,Content & Community Manager,Techonomy Media,http://techonomy.com
Maria Vittoria Malavolta,Technical Community Manager,Headely,http://www.headely.com
Stephanie Caress,Event/Community Manager,Betaspring,http://betaspring.com
Erika NJ Alperin,Marketing & Community Manager,Agari,http://www.agari.com
Daniel Kim,YouTube Community Manager,,
Wendy Smith,Co-Community Manager,GeoClique,http://www.geoclique.me
Maria Zizolfi,Administrator / Community Manager,Tonguesten,http://www.tonguesten.com/
Shelley Champine,Founder/Community manager,Local Music Vibe,http://localmusicvibe.com
David Bolt,Founder/Community Manager,BallTribe,http://www.balltribe.com
Tanya Bershadsky,Sr. Community Manager,Tadcast,http://www.tadcast.com
Benjamin Fowler,CROWDFUNDx Community Manager,crowdfunder,http://www.crowdfunder.com
Jacob Attias,Publisher Community Manager,dSero,http://www.dsero.com
Meghan Dorn,Phoenix Community Manager,NetworkingPhoenix.com,http://www.networkingphoenix.com
Matthieu De Luze,Content & Community Manager,Starzik,http://www.starzik.com
Megan Larsen,Business Community Manager,Kumbuya,http://www.kumbuya.com
Mathias Moeller,"Editor, Community Manager",Amazee,http://www.amazee.com
Ismay Ozga,Digital & Community Manager,Patchwork Present,http://www.patchworkpresent.com
Kresimir Linke,QA & Community manager,Repsly Inc.,http://www.resply.com
Jeff Israel,Content/Community Manager,Sonicbids,http://www.sonicbids.com
Amy Bethel,Co-Community Manager,GeoClique,http://www.geoclique.me
Jackson Segars,Creative Community Manager,Vidaao,http://www.vidaao.com
Steve Campbell,Senior Community Manager,VaynerMedia,http://vaynermedia.com
Akemi Katsumata,PR & Community Manager,zoolook,http://www.zoolook.me
Alexandre Morgaut,Web Architect & Community Manager,4D,
Panagiotis Tsaggas,Co-founder/ Community Manager,Susurrus,http://www.susurrus.io/
Luis Arronte Ygartua,Journalist and Community Manager,Giro Comunicacion,http://www.girocomunicacion.es
Brendan Dempsey,Content and Community Manager,Weplay,http://www.weplay.com
Matt Wink,"Co-Founder, Community Manager",MyTraining.pro,http://www.mytraining.pro
Sara Smith,Content and Community Manager,"Collexion, Inc.",
Nellie Alimi,Social Media & Community Manager,SpaceHitch,http://www.spacehitch.com
Siena Leslie,Pixel Artist & Community Manager,HabitRPG,http://habitrpg.com
Ian Brunswick,Events and Community Manager,Science Gallery,
Kate Hubchyk,Marketing and Community manager,Streaming DJs,http://streamingdjs.com
Dylan Biles,Content and Community Manager,DealTaker,http://www.DealTaker.com
Christophe Chantraine,Content and Community Manager,The Magnetic Think,http://www.brandialog.com
Paul Musters,Head Coach / Community Manager,Fitmo,http://www.fitmo.com
Philip Wride,FIFA UK Community Manager,Electronic Arts,http://www.ea.com
James Watts,Director and CakePHP Community Manager,Cake Development Corporation,http://cakedc.com
Hailey Granatelli,Social Brand Manager/Community Manager,DigitalCoCo,http://www.digitalcoco.com
Kat Dawe,Executive Assistant and Community Manager,SoftTech VC,http://www.softtechvc.com
Danielle Yasso,Sr. Operations Manager & Community Manager,Reframe It,http://reframeit.com
Graham Scharf,Co-Founder and Community Manager,Tumblon,http://www.tumblon.com
Jose Luis Moreno,Responsable de producto y Community Manager,Artesanio,http://artesanio.com
Karen Somerville,"Co-Founder, Brand and Community Manager",Exhibit-it,http://www.exhibit-it.com
Meghan Murphy,"Community Programs Manager, Social Media Marketing",Twilio,http://www.twilio.com
Christian Picciolini,Community Partnerships Manager,Threadless,http://www.threadless.com
Claudia Lins,Community Relations Manager,Talenthouse,http://www.talenthouse.com
Jason Rand,Community Development Manager,Cake Financial,http://www.cakefinancial.com
Jinyoung Park,Community/Content Manager,37coins,
Marion Gelain,Community & Sales Manager,Overblog,http://www.over-blog.com
Jack DeManche,Community Experience Manager,CO Everywhere,http://COeverywhere.com
Shira Granot,Community & Growth Manager,SPOT,http://spotst.com
Ali Hart,Community Engagement Manager,JustShareIt,http://www.justshareit.com
Ashley Price,Community Operations Manager,Kumbuya,http://www.kumbuya.com
Steven Lowell,Community Development Manager,Voice123,
Billy Linker,"Manager, Community Development",Waywire,http://enterprise.waywire.com
Phylicia Manley,Community Engagement Manager,Kumbuya,http://www.kumbuya.com
Jessica Garcia,Community Relations Manager,Quippi,http://www.quippi.com
Charlie Whiton,"QA Manager, Community Guy",Picnik,http://picnik.com
Alexandra Simone,"co-founder, Community Development Manager",WomenCentric,http://www.womencentric.net
Misty Faucheaux,Social Media and Community Relations Manager,Viscape,http://viscape.com
Matthew Hirschfelt,Community / Social Media Manager,Blue Frog Gaming,http://www.bluefroggaming.com
Ariel Cohen,"Manager, Developer Community",LivePerson,http://www.liveperson.com
Sal Partovi,Sr. Manager of Community and Social Marketing,Appirio,http://www.appirio.com
Nathalie Kim,"Group Product Marketing Manager, Content & Community",LinkedIn,http://linkedin.com
Community Impact Online Data Manager (CI-ODM) by CTK,,Community TechKnowledge,http://www.communitytech.net
Austin Gunter,"Manager, Content and Community Marketing",WP Engine,http://wpengine.com
Catherine Buzzitta,Community and Loyalty Programs Manager,Webroot,http://www.webroot.com
Brad Rodrigues,Senior Vice President and General Manager of Digital and Community Development,Leapfrog Enterprises,http://www.leapfrog.com
Online Data Manager (ODM) by CTK,,Community TechKnowledge,http://www.communitytech.net
Junya Konishi,Overseas Projects / Administration Office Manager,Community Factory,http://communityfactory.com
Rachael M Dorr,General Manager,Boston Community Capital,http://www.bostoncommunitycapital.org
Jessica Friesen,Investor Relations Manager,Boston Community Capital,http://www.bostoncommunitycapital.org
Luis Matienzo,Loan Fund Operations Manager,Boston Community Capital,http://www.bostoncommunitycapital.org
Ann Heron,Office Manager,Placer Community Foundation,http://placercf.org
Community Management,,eModeration,http://emoderation.com
TIBCO BusinessConnect Trading Community Management,,TIBCO Software,http://www.tibco.com
Ismail Izgi,Community Management Lead,GROU.PS,http://grou.ps
Luisa Morales,Commmunity Manager,Projective Space,http://www.projective.co
Jeffrey Otterspoor,Teamleader Community Management,GamePoint,http://www.gamepoint.com
Natalie Rodic Marsan,Director of Community Management,MRY,
Valerie Chavez,"Head of Community Management, PR Contact",WeAre.Us,http://www.weare.us
Shauna Rooke-Meyer,Customer Support / Community Management,Nexercise,http://www.nexercise.com
Becca Martin,Director of Community Management,EveryBlock,http://www.everyblock.com/
Vishal Natarajan,Marketing Associate/Community Management,Fuzz,http://fuzz.com
Christian Rubio,VP of Community Management,MocoSpace,http://www.mocospace.com
Remco Bron,"Marketing, sales and community management",Yubby.com,http://www.yubby.com
Global Management Community,,,
Melissa Arnott,"Vice President, Community Programs",Integra Health Management,http://www.integraserviceconnect.com
Erica Duignan Minnihan,"Managing Director, Community",DreamIt Ventures,http://www.dreamitventures.com
Jake Wright,Project Manager,CommunityPi.org,http://communitypi.org
Sharon Shepard,"Managing Director, Venture Fund",Boston Community Capital,http://www.bostoncommunitycapital.org
R. Candler Young,Managing Partner and Co-founder,DC Community Ventures,http://www.dccommunityventures.com
Andrew Chen,Managing Director,Boston Community Capital,http://www.bostoncommunitycapital.org
Karim Zia,Managing Partner and Co-founder,DC Community Ventures,http://www.dccommunityventures.com
Eduardo Rallo,Managing Partner,Pacific Community Ventures,http://www.pcvfund.com
Peter Mehrberg,Managing Partner,Pacific Community Ventures,http://www.pcvfund.com
Richard Schneider,Managing Director,New Mexico Community Capital,http://www.nmccap.org
Kendal Vroman,"Senior Managing Director, Commodity Products & Services",CME Group,http://www.cmegroup.com
